plant_sp,pol_sp,weight
Armeria velutina,Andrena hispania,1
Armeria velutina,Anthrenus sp1 M_PL_016,1
Armeria velutina,Coleoptera sp5 M_PL_016,1
Armeria velutina,Colletes acutus,1
Armeria velutina,Crematogaster auberti,1
Armeria velutina,Dasypoda cingulata,1
Armeria velutina,Diptera sp1 M_PL_016,1
Armeria velutina,Eristalis tenax,1
Armeria velutina,Eristalodes taeniops,1
Armeria velutina,Hymenoplia sp1 M_PL_016,1
Armeria velutina,Lasioglossum immunitum,1
Armeria velutina,Lasioglossum littorale,1
Armeria velutina,Lasioglossum prasinum,1
Armeria velutina,Lasius niger,1
Armeria velutina,Mordellistena sp1 M_PL_016,1
Armeria velutina,Nustera distigma,1
Armeria velutina,Palleira femorata,1
Armeria velutina,Stelis signata,1
Armeria velutina,Tapinoma sp1 M_PL_016,1
Armeria velutina,Tychius sp1 M_PL_016,1
Asparagus aphyllus,Amegilla fasciata,1
Asparagus aphyllus,Cataglyphis viatica,1
Asparagus aphyllus,Ceratina cyanea,1
Asparagus aphyllus,Colletes caspicus,1
Asparagus aphyllus,Diptera sp1 M_PL_016,1
Asparagus aphyllus,Diptera sp2 M_PL_016,1
Asparagus aphyllus,Halictus smaragdulus,1
Asparagus aphyllus,Hymenoptera sp6 M_PL_016,1
Asparagus aphyllus,Lasioglossum littorale,1
Asparagus aphyllus,Lasioglossum prasinum,1
Asparagus aphyllus,Lasioglossum punctatissimum,1
Asparagus aphyllus,Lasioglossum sp1 M_PL_016,1
Asparagus aphyllus,Lasius niger,1
Asparagus aphyllus,Phthiria sp1 M_PL_016,1
Asparagus aphyllus,Syntarucus pirithous,1
Asparagus aphyllus,Syritta pipiens,1
Calluna vulgaris,Apis mellifera,1
Calluna vulgaris,Aricia cramera ,1
Calluna vulgaris,Ceratina cucurbitina,1
Calluna vulgaris,Cerceris arenaria,1
Calluna vulgaris,Colletes caspicus,1
Calluna vulgaris,Colletes succintus,1
Calluna vulgaris,Diptera sp1 M_PL_016,1
Calluna vulgaris,Diptera sp2 M_PL_016,1
Calluna vulgaris,Epeolus fallax,1
Calluna vulgaris,Episyrphus balteatus,1
Calluna vulgaris,Eristalis pratorum,1
Calluna vulgaris,Eristalis tenax,1
Calluna vulgaris,Eristalodes taeniops,1
Calluna vulgaris,Hymenoptera sp6 M_PL_016,1
Calluna vulgaris,Lasioglossum littorale,1
Calluna vulgaris,Lasioglossum prasinum,1
Calluna vulgaris,Lasioglossum punctatissimum,1
Calluna vulgaris,Lathyrophthalmus quinquelineatus,1
Calluna vulgaris,Mellinus arvensis,1
Calluna vulgaris,Phthiria sp1 M_PL_016,1
Calluna vulgaris,Sphaerophoria scripta,1
Calluna vulgaris,Syntarucus pirithous,1
Calluna vulgaris,Xylocopa cantabrita,1
Chamaerops humilis,Camponotus lateralis,1
Chamaerops humilis,Coleoptera sp11 M_PL_016,1
Chamaerops humilis,Coleoptera sp8 M_PL_016,1
Chamaerops humilis,Lasius niger,1
Chamaerops humilis,Tapinoma erraticum,1
Cistus libanotis,Andrena nigroaenea,1
Cistus libanotis,Anthaxia parallela,1
Cistus libanotis,Anthrenus sp1 M_PL_016,1
Cistus libanotis,Apis mellifera,1
Cistus libanotis,Bombylius ater,1
Cistus libanotis,Cardiophorus bipunctatus,1
Cistus libanotis,Chasmatopterus sp1 M_PL_016,1
Cistus libanotis,Coleoptera sp4 M_PL_016,1
Cistus libanotis,Coleoptera sp9 M_PL_016,1
Cistus libanotis,Conophorus fuminervis,1
Cistus libanotis,Dasypoda iberica,1
Cistus libanotis,Deilus sp1 M_PL_016,1
Cistus libanotis,Diptera sp1 M_PL_016,1
Cistus libanotis,Gonepteryx cleopatra,1
Cistus libanotis,Heliotaurus ruficollis,1
Cistus libanotis,Lasioglossum immunitum,1
Cistus libanotis,Lasioglossum littorale,1
Cistus libanotis,Lasioglossum punctatissimum,1
Cistus libanotis,Lasius niger,1
Cistus libanotis,Lindenius luteiventris ,1
Cistus libanotis,Lobonyx aeneus,1
Cistus libanotis,Lomatia infernalis,1
Cistus libanotis,Malachius sp1 M_PL_016,1
Cistus libanotis,Mordellistena sp1 M_PL_016,1
Cistus libanotis,Nustera distigma,1
Cistus libanotis,Phthiria sp1 M_PL_016,1
Cistus libanotis,Tiphia morio,1
Cistus libanotis,Xylocopa cantabrita,1
Cistus salvifolius,Andrena nigroaenea,1
Cistus salvifolius,Andrena sp1 M_PL_016,1
Cistus salvifolius,Anthrenus sp1 M_PL_016,1
Cistus salvifolius,Apis mellifera,1
Cistus salvifolius,Camponotus lateralis,1
Cistus salvifolius,Ceratina cucurbitina,1
Cistus salvifolius,Coleoptera sp12 M_PL_016,1
Cistus salvifolius,Coleoptera sp4 M_PL_016,1
Cistus salvifolius,Coleoptera sp8 M_PL_016,1
Cistus salvifolius,Coleoptera sp9 M_PL_016,1
Cistus salvifolius,Colletes acutus,1
Cistus salvifolius,Conophorus fuminervis,1
Cistus salvifolius,Deilus sp1 M_PL_016,1
Cistus salvifolius,Diodontus insidiosus,1
Cistus salvifolius,Diptera sp1 M_PL_016,1
Cistus salvifolius,Eristalis pratorum,1
Cistus salvifolius,Halictus quadricinctus,1
Cistus salvifolius,Lasioglossum immunitum,1
Cistus salvifolius,Lobonyx aeneus,1
Cistus salvifolius,Malachius sp1 M_PL_016,1
Cistus salvifolius,Malthodes sp1 M_PL_016,1
Cistus salvifolius,Mordellistena sp1 M_PL_016,1
Cistus salvifolius,Panurgus sp1 M_PL_016,1
Cistus salvifolius,Sphaerophoria scripta,1
Cistus salvifolius,Sphecodes pellucidus,1
Cistus salvifolius,Tropinota squalida,1
Cytisus grandiflorus,Apis mellifera,1
Daphne gnidium,Acrobasis porphyrella,1
Daphne gnidium,Agrotis puta,1
Daphne gnidium,Amegilla fasciata,1
Daphne gnidium,Ammophila heydeni,1
Daphne gnidium,Anthidiellum strigatum,1
Daphne gnidium,Aricia cramera ,1
Daphne gnidium,Autographa gamma,1
Daphne gnidium,Bembix flavescens,1
Daphne gnidium,Bembix olivacea,1
Daphne gnidium,Ceratina cucurbitina,1
Daphne gnidium,Ceratina cyanea,1
Daphne gnidium,Ceratina mocsaryi,1
Daphne gnidium,Cerocala scapulosa,1
Daphne gnidium,Colias croceus,1
Daphne gnidium,Colletes caspicus,1
Daphne gnidium,Colletes succintus,1
Daphne gnidium,Dasypoda cingulata,1
Daphne gnidium,Diptera sp1 M_PL_016,1
Daphne gnidium,Diptera sp2 M_PL_016,1
Daphne gnidium,Diptera sp3 M_PL_016,1
Daphne gnidium,Discestra sodae,1
Daphne gnidium,Edema complana,1
Daphne gnidium,Ells cillosa,1
Daphne gnidium,Episyrphus aurcollis,1
Daphne gnidium,Episyrphus balteatus,1
Daphne gnidium,Eristalis arbustorum,1
Daphne gnidium,Eristalis pratorum,1
Daphne gnidium,Eristalis tenax,1
Daphne gnidium,Eristalodes taeniops,1
Daphne gnidium,Eumenes dubius,1
Daphne gnidium,Evergestis politalis,1
Daphne gnidium,Gegenes sp1 M_PL_016,1
Daphne gnidium,Gorytes sp1 M_PL_016,1
Daphne gnidium,Halictus fulvipes,1
Daphne gnidium,Halictus gemmeus,1
Daphne gnidium,Halictus quadricinctus,1
Daphne gnidium,Halictus scabiosae,1
Daphne gnidium,Heliothis armigera,1
Daphne gnidium,Heliothis nubigera,1
Daphne gnidium,Heliothis peltigera,1
Daphne gnidium,Heriades crenudatus,1
Daphne gnidium,Hoplodrina ambigua,1
Daphne gnidium,Hymenoptera sp6 M_PL_016,1
Daphne gnidium,Lampides baeticus,1
Daphne gnidium,Lasioglossum aegyptiellun,1
Daphne gnidium,Lasioglossum albocinctum,1
Daphne gnidium,Lasioglossum callizonium,1
Daphne gnidium,Lasioglossum immunitum,1
Daphne gnidium,Lasioglossum littorale,1
Daphne gnidium,Lasioglossum prasinum,1
Daphne gnidium,Lasioglossum punctatissimum,1
Daphne gnidium,Lasioglossum sp1 M_PL_016,1
Daphne gnidium,Lathyrophthalmus aeneus,1
Daphne gnidium,Lathyrophthalmus quinquelineatus,1
Daphne gnidium,Lepidoptera sp14 M_PL_016,1
Daphne gnidium,Macroglossum stellatarum,1
Daphne gnidium,Mecyna sp1 M_PL_016,1
Daphne gnidium,Megachile pilidens,1
Daphne gnidium,Meria sp1 M_PL_016,1
Daphne gnidium,Meria tripunctata,1
Daphne gnidium,Metachrostis dardouinii,1
Daphne gnidium,Metachrostis velox,1
Daphne gnidium,Metasyrphus corollae,1
Daphne gnidium,Mythimma vittellina,1
Daphne gnidium,Odynerus sp1 M_PL_016,1
Daphne gnidium,Osmia sp1 M_PL_016,1
Daphne gnidium,Palpita unionalis,1
Daphne gnidium,Pechipogo plumigeralis,1
Daphne gnidium,Pempeliella plufnbella,1
Daphne gnidium,Petrorossia sp1 M_PL_016,1
Daphne gnidium,Phthiria sp1 M_PL_016,1
Daphne gnidium,Pieris brassicae,1
Daphne gnidium,Pieris rapae ,1
Daphne gnidium,Polyommatus icarus ,1
Daphne gnidium,Pontia daplidice ,1
Daphne gnidium,Pryonix kirbii,1
Daphne gnidium,Psorosa brehiella,1
Daphne gnidium,Psorosa genistella,1
Daphne gnidium,Pyronia ceciia,1
Daphne gnidium,Rhodometra sacraria,1
Daphne gnidium,Sphaerophoria scripta,1
Daphne gnidium,Spodoptera exigua,1
Daphne gnidium,Stelis signata,1
Daphne gnidium,Udaea martialis,1
Daphne gnidium,Volucella elegans,1
Daphne gnidium,Xylocopa cantabrita,1
Erica ciliaris,Amegilla fasciata,1
Erica ciliaris,Amegilla quadrifasciata,1
Erica ciliaris,Ceratina cyanea,1
Erica ciliaris,Ceratina mocsaryi,1
Erica ciliaris,Eristalis tenax,1
Erica ciliaris,Gegenes sp1 M_PL_016,1
Erica ciliaris,Lasioglossum immunitum,1
Erica ciliaris,Lasioglossum punctatissimum,1
Erica ciliaris,Megachile maritima,1
Erica ciliaris,Megachile pilidens,1
Erica ciliaris,Phthiria sp1 M_PL_016,1
Erica ciliaris,Syntarucus pirithous,1
Erica ciliaris,Xylocopa cantabrita,1
Halimium commutatum,Andrena squalida,1
Halimium commutatum,Anthaxia dimidiata,1
Halimium commutatum,Apis mellifera,1
Halimium commutatum,Attagenus sp1 M_PL_016,1
Halimium commutatum,Diptera sp1 M_PL_016,1
Halimium commutatum,Eristalis tenax,1
Halimium commutatum,Lasioglossum immunitum,1
Halimium commutatum,Lasioglossum prasinum,1
Halimium commutatum,Lathyrophthalmus aeneus,1
Halimium commutatum,Lobonyx aeneus,1
Halimium commutatum,Malachius sp1 M_PL_016,1
Halimium commutatum,Phthiria sp1 M_PL_016,1
Halimium halimifolium,Acmaeodera sp1 M_PL_016,1
Halimium halimifolium,Anthaxia dimidiata,1
Halimium halimifolium,Anthrenus sp1 M_PL_016,1
Halimium halimifolium,Apis mellifera,1
Halimium halimifolium,Chasmatopterus sp1 M_PL_016,1
Halimium halimifolium,Coleoptera sp10 M_PL_016,1
Halimium halimifolium,Coleoptera sp13 M_PL_016,1
Halimium halimifolium,Coleoptera sp4 M_PL_016,1
Halimium halimifolium,Coleoptera sp5 M_PL_016,1
Halimium halimifolium,Coptocephala scopolina,1
Halimium halimifolium,Coptocephala unifasciata,1
Halimium halimifolium,Halictus quadricinctus,1
Halimium halimifolium,Heliotaurus ruficollis,1
Halimium halimifolium,Lasioglossum immunitum,1
Halimium halimifolium,Lasioglossum prasinum,1
Halimium halimifolium,Lobonyx aeneus,1
Halimium halimifolium,Mylabrix sp1 M_PL_016,1
Halimium halimifolium,Phthiria sp1 M_PL_016,1
Helianthemum croceum,Anthrenus sp1 M_PL_016,1
Helianthemum croceum,Lobonyx aeneus,1
Helianthemum croceum,Mordellistena sp1 M_PL_016,1
Helichrysum picardii,Acmaeodera sp1 M_PL_016,1
Helichrysum picardii,Anthrenus sp1 M_PL_016,1
Helichrysum picardii,Ceratina cyanea,1
Helichrysum picardii,Colletes caspicus,1
Helichrysum picardii,Colletes fodiens,1
Helichrysum picardii,Diptera sp1 M_PL_016,1
Helichrysum picardii,Ells cillosa,1
Helichrysum picardii,Exoprosopa italica,1
Helichrysum picardii,Halictus quadricinctus,1
Helichrysum picardii,Hymenoptera sp7 M_PL_016,1
Helichrysum picardii,Lasioglossum albocinctum,1
Helichrysum picardii,Lasioglossum punctatissimum,1
Helichrysum picardii,Lasius niger,1
Helichrysum picardii,Lindenius luteiventris ,1
Helichrysum picardii,Meria tripunctata,1
Helichrysum picardii,Paragus tibialis ,1
Helichrysum picardii,Phthiria sp1 M_PL_016,1
Helichrysum picardii,Plebejus argus,1
Helichrysum picardii,Sphaerophoria scripta,1
Lavandula stoechas,Anthophora acervorum,1
Lavandula stoechas,Anthophora dispar,1
Lavandula stoechas,Apis mellifera,1
Lavandula stoechas,Bombus lucorum,1
Lavandula stoechas,Bombylius argentifrons,1
Lavandula stoechas,Bombylius ater,1
Lavandula stoechas,Bombylius sp1 M_PL_016,1
Lavandula stoechas,Ceratina cucurbitina,1
Lavandula stoechas,Diptera sp1 M_PL_016,1
Lavandula stoechas,Dischistus senex,1
Lavandula stoechas,Eristalis tenax,1
Lavandula stoechas,Eucera hispaliensis,1
Lavandula stoechas,Halictus quadricinctus,1
Lavandula stoechas,Lasioglossum albocinctum,1
Lavandula stoechas,Polyommatus icarus ,1
Lavandula stoechas,Tetralonia berlandi,1
Lonicera periclymenum,Amegilla quadrifasciata,1
Lonicera periclymenum,Macroglossum stellatarum,1
Lonicera periclymenum,Megachile maritima,1
Lonicera periclymenum,Xylocopa cantabrita,1
Lonicera periclymenum,Xylocopa violacea,1
Myrtus communis,Amegilla fasciata,1
Myrtus communis,Ceratina cucurbitina,1
Myrtus communis,Coleoptera sp4 M_PL_016,1
Myrtus communis,Megachile leachella,1
Myrtus communis,Megachile pilidens,1
Myrtus communis,Petrorossia sp1 M_PL_016,1
Osyris alba,Anthrenus sp1 M_PL_016,1
Osyris alba,Diptera sp1 M_PL_016,1
Osyris alba,Diptera sp3 M_PL_016,1
Osyris alba,Lasioglossum pallens,1
Osyris alba,Mordellistena sp1 M_PL_016,1
Osyris quadripartita,Andrena bimaculata,1
Osyris quadripartita,Apis mellifera,1
Osyris quadripartita,Camponotus lateralis,1
Osyris quadripartita,Camponotus sicheli,1
Osyris quadripartita,Cerceris rybiensis,1
Osyris quadripartita,Colletes acutus,1
Osyris quadripartita,Diptera sp1 M_PL_016,1
Osyris quadripartita,Diptera sp2 M_PL_016,1
Osyris quadripartita,Eristalis tenax,1
Osyris quadripartita,Hymenoptera sp7 M_PL_016,1
Osyris quadripartita,Lasioglossum prasinum,1
Osyris quadripartita,Lasioglossum sp1 M_PL_016,1
Osyris quadripartita,Meria sp1 M_PL_016,1
Osyris quadripartita,Metasyrphus corollae,1
Osyris quadripartita,Philanthus triangulum,1
Osyris quadripartita,Sphecodes hirtellus,1
Osyris quadripartita,Tiphia morio,1
Phillyrea angustifolia,Apis mellifera,1
Rosmarinus officinalis,Andrena bicolor,1
Rosmarinus officinalis,Andrena hispania,1
Rosmarinus officinalis,Andrena squalida,1
Rosmarinus officinalis,Anthophora dispar,1
Rosmarinus officinalis,Apis mellifera,1
Rosmarinus officinalis,Ceratina mocsaryi,1
Rosmarinus officinalis,Diptera sp1 M_PL_016,1
Rosmarinus officinalis,Diptera sp2 M_PL_016,1
Rosmarinus officinalis,Diptera sp3 M_PL_016,1
Rosmarinus officinalis,Episyrphus aurcollis,1
Rosmarinus officinalis,Eristalis tenax,1
Rosmarinus officinalis,Lasioglossum littorale,1
Rosmarinus officinalis,Lasioglossum sp1 M_PL_016,1
Rosmarinus officinalis,Lycaena phlaeas ,1
Rosmarinus officinalis,Metasyrphus corollae,1
Rosmarinus officinalis,Nomada mutabilis,1
Rosmarinus officinalis,Phthiria sp1 M_PL_016,1
Rosmarinus officinalis,Podalonia tydei ,1
Rosmarinus officinalis,Tetralonia berlandi,1
Rosmarinus officinalis,Tropinota squalida,1
Rosmarinus officinalis,Xylocopa cantabrita,1
Rubus ulmifolius,Andrena assimilis,1
Rubus ulmifolius,Andrena hispania,1
Rubus ulmifolius,Anthrenus sp1 M_PL_016,1
Rubus ulmifolius,Apis mellifera,1
Rubus ulmifolius,Bombus lucorum,1
Rubus ulmifolius,Ceratina cucurbitina,1
Rubus ulmifolius,Coleoptera sp5 M_PL_016,1
Rubus ulmifolius,Dasypoda cingulata,1
Rubus ulmifolius,Diptera sp1 M_PL_016,1
Rubus ulmifolius,Eristalis tenax,1
Rubus ulmifolius,Laeosopis roboris,1
Rubus ulmifolius,Lasioglossum albocinctum,1
Rubus ulmifolius,Lasioglossum prasinum,1
Rubus ulmifolius,Lasius niger,1
Rubus ulmifolius,Megachile maritima,1
Rubus ulmifolius,Phthiria sp1 M_PL_016,1
Rubus ulmifolius,Pieris rapae ,1
Rubus ulmifolius,Plebejus argus,1
Rubus ulmifolius,Xylocopa cantabrita,1
Smilax aspera,Cerceris arenaria,1
Smilax aspera,Chrysotoxum intermedium,1
Smilax aspera,Colletes sp1 M_PL_016,1
Smilax aspera,Diptera sp1 M_PL_016,1
Smilax aspera,Diptera sp2 M_PL_016,1
Smilax aspera,Diptera sp3 M_PL_016,1
Smilax aspera,Episyrphus aurcollis,1
Smilax aspera,Episyrphus balteatus,1
Smilax aspera,Lasioglossum littorale,1
Smilax aspera,Lasioglossum prasinum,1
Smilax aspera,Lasioglossum villosulum,1
Smilax aspera,Lasius niger,1
Smilax aspera,Melanostoma mellinum,1
Smilax aspera,Metasyrphus corollae,1
Smilax aspera,Syntarucus pirithous,1
Stauracanthus genistoides,Anthophora sp1 M_PL_016,1
Stauracanthus genistoides,Apis mellifera,1
Stauracanthus genistoides,Colletes sp1 M_PL_016,1
Stauracanthus genistoides,Lasioglossum sp1 M_PL_016,1
Thymus mastichina,Andrena hispania,1
Thymus mastichina,Anthidiellum strigatum,1
Thymus mastichina,Anthrenus sp1 M_PL_016,1
Thymus mastichina,Ceratina cucurbitina,1
Thymus mastichina,Cerceris rybiensis,1
Thymus mastichina,Coleoptera sp5 M_PL_016,1
Thymus mastichina,Coptocephala unifasciata,1
Thymus mastichina,Dasypoda cingulata,1
Thymus mastichina,Diptera sp1 M_PL_016,1
Thymus mastichina,Ells cillosa,1
Thymus mastichina,Halictus quadricinctus,1
Thymus mastichina,Hymenoptera sp7 M_PL_016,1
Thymus mastichina,Lasioglossum immunitum,1
Thymus mastichina,Lasioglossum punctatissimum,1
Thymus mastichina,Lomatia infernalis,1
Thymus mastichina,Meria sp1 M_PL_016,1
Thymus mastichina,Meria tripunctata,1
Thymus mastichina,Philanthus venustus,1
Thymus mastichina,Phthiria sp1 M_PL_016,1
Thymus mastichina,Plebejus argus,1
Thymus mastichina,Sphaerophoria rueppelli,1
Thymus mastichina,Sphaerophoria scripta,1
Ulex minor,Apis mellifera,1
Ulex minor,Colletes succintus,1
Ulex minor,Diptera sp1 M_PL_016,1
Ulex minor,Diptera sp2 M_PL_016,1
Ulex minor,Episyrphus aurcollis,1
Ulex minor,Lasioglossum sp1 M_PL_016,1
Ulex minor,Metasyrphus corollae,1
Ulex parviflorus,Apis mellifera,1
Ulex parviflorus,Diptera sp1 M_PL_016,1
Ulex parviflorus,Diptera sp3 M_PL_016,1
Ulex parviflorus,Eristalis tenax,1
